Title,Published_date,Views,Likes,Comments,Channel_name
So You Think You Can ANALYZE? (Data Content Creator Hackathon),2024-09-21,42349,1503,96,Ken Jee
Moving On,2024-04-22,12216,498,91,Ken Jee
How Does ChatGPT Image Analysis Do on an IQ Test?,2023-11-30,4530,93,25,Ken Jee
A Data Dream Come True,2023-11-17,2609,97,23,Ken Jee
The Death of the Full-Time Job,2023-09-22,6718,426,78,Ken Jee
How to Survive a Down Data Job Market,2023-09-05,18083,608,64,Ken Jee
The Harsh Reality of the Data Job Market,2023-08-24,109631,2621,287,Ken Jee
7 Industries AI will Aggressively Disrupt,2023-08-14,6956,262,42,Ken Jee
What's in My Data Science Travel Bag? (50+ Flights Last Year),2023-08-07,4722,137,48,Ken Jee
7 Enticing Jobs AI Will Create,2023-07-24,4984,203,37,Ken Jee
The ChatGPT Code Interpreter is OVERRATED,2023-07-22,4330,147,31,Ken Jee
Exciting Announcement!,2023-06-23,6760,294,50,Ken Jee
AI: A Customer Service Revolution?,2023-05-26,4185,126,35,Ken Jee
Beginner Kaggle Data Science Project Walk-Through (Housing Prices) | With ChatGPT,2023-05-16,76932,2313,52,Ken Jee
How I Would Learn Data Science with AI (If I Could Start Over),2023-05-04,37238,1510,78,Ken Jee
This AI question will determine our future,2023-04-06,4397,258,38,Ken Jee
I'll Never Code the Same Again... (GPT-4 is OP),2023-04-03,71728,829,78,Ken Jee
Your current portfolio is actually hurting you #shorts,2023-03-30,9713,546,5,Ken Jee
"Traditional ""networking"" is stupid. Do THIS instead #shorts",2023-03-27,8295,441,3,Ken Jee
you're job searching wrong. #shorts,2023-03-23,4701,270,3,Ken Jee
The Economics of Data Roles #shorts,2023-03-21,11183,653,13,Ken Jee
Why your phone knows everything you say #shorts,2023-03-18,4071,185,8,Ken Jee
Read these for a successful career. #shorts,2023-03-16,3361,253,2,Ken Jee
Is Your Phone Actually Listening to You? #shorts,2023-03-09,3334,57,5,Ken Jee
How I Realized I Was a Bad Manager #shorts,2023-03-07,3340,144,1,Ken Jee
How I Use ChatGPT as a Data Scientist (4-5 hrs Saved Per Week),2023-03-03,21262,776,50,Ken Jee
Why I Quit Data Science... and then crawled back #shorts,2023-03-01,9268,290,12,Ken Jee
The Best Place to Look for Data Science Opportunities #shorts,2023-02-27,2958,178,2,Ken Jee
Learning On the companies dime #shorts,2023-02-24,3372,179,1,Ken Jee
The Best Way to Transition to Data Science? #shorts,2023-02-21,5017,300,6,Ken Jee
Avoid this Massive Data Science Learning Mistake #shorts,2023-02-17,7508,411,6,Ken Jee
Don't Go into Data for the Money #shorts,2023-02-15,3909,219,12,Ken Jee
First Data Science Project? Watch This.,2023-02-13,8752,396,24,Ken Jee
How to Approach Applying for a Data Role #shorts,2023-02-08,3766,245,7,Ken Jee
The Hard Reality of Data Science Work #shorts,2023-02-06,18242,934,16,Ken Jee
How Much Money Does a Data Scientist Make? #shorts,2023-02-03,5374,203,6,Ken Jee
These 3 Things Make Data Science Special #shorts,2023-02-01,4565,355,7,Ken Jee
Will Data Science Be Automated? #shorts,2023-01-27,10737,439,10,Ken Jee
Is Data Science A Good Fit For You? #shorts,2023-01-25,5508,302,10,Ken Jee
5 Books I Wish I Read Earlier In My Career,2023-01-23,9957,528,49,Ken Jee
How To Start Working on Data Science Projects (As a Beginner) #shorts,2023-01-19,13425,984,18,Ken Jee
What Data Science Tool Would I Learn First? #shorts,2023-01-17,6593,480,10,Ken Jee
How long does it take to become a Data Scientist? #shorts,2023-01-12,9618,585,8,Ken Jee
Where & how to start your Data Science Journey #shorts,2023-01-09,7410,434,3,Ken Jee
How I Would NOT Learn Data Science in 2023.,2023-01-03,129635,4168,257,Ken Jee
The Greatest Data Science Event You Never Heard Of  [Behind The Scenes],2022-12-14,5112,208,27,Ken Jee
The Essential Programming Concepts For Learning Data Science,2022-11-14,21319,862,46,Ken Jee
The Data Content House: What You Missed,2022-10-07,10697,345,48,Ken Jee
Is Data Science A Good Career?,2022-09-29,65023,1985,141,Ken Jee
IRON ANALYST (Teaser) #shorts,2022-09-27,5719,364,22,Ken Jee
When a New Data Scientist Joins The Team,2022-08-29,16911,754,134,Ken Jee
State of Data Science - Web Data,2022-08-05,10528,350,34,Ken Jee
Data Science Town Hall - State of Data Science,2022-08-04,10061,366,37,Ken Jee
The Programming Roadmap For Data Science,2022-07-29,29101,1336,60,Ken Jee
5 Impactful Data Science Projects For Your Portfolio,2022-06-27,109500,3799,96,Ken Jee
Can AI Fix my Baseball Swing?,2022-06-10,8469,348,68,Ken Jee
Every Data Scientist... (funny!),2022-05-24,18374,857,146,Ken Jee
State of Data Science (Town Hall) ft - Data Squad,2022-05-07,16058,422,66,Ken Jee
Data Science Portfolio Project From Scratch | Building a YouTube Data Dashboard with Streamlit,2022-04-04,84046,1963,88,Ken Jee
Why You Are NOT Landing Data Jobs ... Yet,2022-03-25,22595,913,111,Ken Jee
Data Scientists VS NFT Scam,2022-03-03,5337,188,41,Ken Jee
When a PM Joins the Data Team... (funny!) - Ft @LukeBarousse,2022-02-21,11592,518,144,Ken Jee
What Professional Data Scientists ACTUALLY Do,2022-02-14,103117,3527,186,Ken Jee
Can You Analyze My Data Better Than I Can?,2022-01-31,7758,325,60,Ken Jee
Giving Back to My Most Engaged Subscribers!,2022-01-28,2345,117,87,Ken Jee
How to Make $1 Billion Betting on Horse Racing with Machine Learning,2022-01-24,78052,1658,160,Ken Jee
Should You Be Excited About Web 3? (As a Data Scientist),2022-01-17,9177,426,82,Ken Jee
Should  @LukeBarousse Take This Data Analyst Job? (Funny) #Shorts,2022-01-14,8758,256,33,Ken Jee
The Only Data Science Explanation You Need,2022-01-10,91796,2502,172,Ken Jee
We Need to Talk About The LinkedIn Machine Learning Assessment.,2022-01-03,14698,641,144,Ken Jee
How I Would Learn Data Science in 2022 (If I Had to Start Over),2021-12-27,347432,14945,526,Ken Jee
What the Heck is WSL 2? (My New Favorite Tool),2021-12-17,22889,624,71,Ken Jee
How Statistics Saved the US SERIOUS $$$$ During WW2 #Shorts,2021-12-10,8255,573,25,Ken Jee
How Zillow Lost $500 MILLION With Machine Learning,2021-12-03,25483,1184,145,Ken Jee
Why Is Data Engineering So HOT Right Now?,2021-11-26,30043,1098,134,Ken Jee
Is Data Science Dying?,2021-11-19,127215,3899,359,Ken Jee
7 Incredible Books That Transformed My Health and My Life,2021-11-12,8784,402,113,Ken Jee
Why EVERYONE Should Start a Podcast (Including YOU),2021-11-05,3677,202,45,Ken Jee
Building a Burrito Dashboard - Data Science Project from Scratch with atoti,2021-10-29,15202,307,39,Ken Jee
ML Ops: What is it REALLY?,2021-10-22,7399,281,66,Ken Jee
Business Skills for Data Science: What are they REALLY?,2021-10-18,7081,305,50,Ken Jee
#66DaysOfData Round 3 Live Event! (feat. @statquest),2021-10-12,2229,119,5,Ken Jee
Roasting My First Data Science Project (Common Project Mistakes),2021-10-08,6159,283,64,Ken Jee
Is Data Visualization Important for Data Science? (A Data Scientist's Perspective),2021-08-20,13301,535,108,Ken Jee
Project Presentation - Expectations vs. Reality (funny) #shorts,2021-08-07,10644,437,32,Ken Jee
Data Science Project - Expectations vs Reality (funny) #shorts,2021-08-06,42869,1631,31,Ken Jee
How I Learned to Learn.,2021-07-31,51368,2358,209,Ken Jee
Is Spotify Shuffle Really Random? #Shorts,2021-07-21,11490,616,49,Ken Jee
I Eat a Papaya Live on Stream (Plus Q&A for 150K Subs!),2021-07-16,2489,92,30,Ken Jee
Why are APIs Important for Data Science?,2021-07-09,11399,480,95,Ken Jee
Is Your Phone REALLY Listening to You?,2021-07-03,5358,278,116,Ken Jee
Kaggle vs Github - Which is Best for Your Data Science Portfolio?,2021-06-25,19003,673,123,Ken Jee
#66DaysOfData - 3 Reasons to Start!,2021-06-18,4165,226,39,Ken Jee
#66DaysOfData - What is it? #shorts,2021-06-11,9829,399,54,Ken Jee
A Quick Data Science Project Tip! #SHORTS,2021-06-03,17175,1024,89,Ken Jee
Discouraged with Data Science? - Watch THIS video.,2021-05-28,7621,387,195,Ken Jee
How Data Science Projects Pay Off,2021-05-22,11268,615,146,Ken Jee
How I Use Data to Optimize My Life | What I Collect & How I Analyze It,2021-05-14,10984,494,134,Ken Jee
What is a lambda function (python)? #shorts,2021-05-13,16445,973,49,Ken Jee
Why Kaggle Should Be Your Favorite Data Science Resource #shorts,2021-05-07,35162,1772,63,Ken Jee
What is Pandas? (Data & Data Science) #shorts,2021-04-30,26277,1328,85,Ken Jee
The 7 Biggest Data Science  Beginner Mistakes,2021-04-23,77936,3418,285,Ken Jee
Data Scientist Reacts: REAL Data Science Job Application Data,2021-04-16,23807,703,85,Ken Jee
Why You Probably Won't Become a Data Scientist,2021-04-09,139586,4023,464,Ken Jee
How to Go From Data Analyst to Data Scientist,2021-04-02,57472,1609,177,Ken Jee
Why I Have 2 Offices for Data Science & Content Creation,2021-03-26,4118,140,92,Ken Jee
MARCH MADNESS - Will My Machine Learning Model Beat Your Bracket?,2021-03-19,19243,368,108,Ken Jee
My Regrets as a Data Science Student,2021-03-12,24319,882,112,Ken Jee
My Daily Battle With Time - Will I Win? [Vlog],2021-03-08,3877,192,83,Ken Jee
What is the Future of my Comment Leaderboard Project?,2021-02-26,5653,201,81,Ken Jee
How to Build a Website  - Building my ULTIMATE Portfolio Website,2021-02-19,7362,180,51,Ken Jee
Why I Quit Data Science,2021-02-12,106256,2353,346,Ken Jee
üå∂ Hot Topics in Tech: Data Science Explained #SHORTS,2021-01-29,10959,564,116,Ken Jee
How I Balance Data Science and Content Creation (7 Secrets),2021-01-23,7109,294,124,Ken Jee
Kaggle Project From Scratch - Part 3 (Advanced Graphs & Gender Imbalance Analysis),2021-01-16,11015,316,52,Ken Jee
Kaggle Project From Scratch - Part 2 (Exploratory Data Analysis),2021-01-08,26130,730,134,Ken Jee
Kaggle Project From Scratch - Part 1 (Data Science Profession Survey),2021-01-02,43331,1200,148,Ken Jee
What is the #66DaysOfData?,2020-12-26,71863,2332,193,Ken Jee
How I Would Learn Data Science in 2021 (What Has Changed?),2020-12-19,132096,5914,486,Ken Jee
Unboxing the Ultimate Z by HP Data Science Package (FIRST EVER HP Workstation w/ Data Science Stack),2020-12-10,11376,403,131,Ken Jee
I Built the FIRST EVER YouTube Subscriber LEADERBOARD,2020-12-07,24141,721,324,Ken Jee
7 Things to Look For in a Masters For Data Science (feat. @TinaHuang1),2020-11-20,29251,876,160,Ken Jee
6 Lessons from #66DaysOfData,2020-11-13,6819,336,93,Ken Jee
100K Channel Update + AMA Stream!,2020-11-12,2329,127,21,Ken Jee
Find a Data Science Project With These 3 Techniques,2020-11-06,17425,736,104,Ken Jee
How I Chose My Masters Degree for Breaking into Data Science,2020-10-30,28906,701,153,Ken Jee
git for Data Science Made Simple... (Hopefully),2020-10-23,24002,956,88,Ken Jee
The PODCAST you might have asked for?,2020-10-19,2141,92,44,Ken Jee
Dealing with Doubt in Data Science (My Impostor Syndrome Story),2020-10-16,6916,451,113,Ken Jee
Advice from a Data Analytics CEO (@How to Get an Analytics Job) - KNN EP. 17,2020-10-14,15067,432,45,Ken Jee
Data Science Resume Round-Up With @Tina Huang  | Episode 3,2020-10-12,7486,155,60,Ken Jee
5 Unusual Data Science Projects that Will Land You a Job,2020-10-09,13153,597,83,Ken Jee
Sh*t Data Scientists Say (Parody),2020-10-05,10121,582,144,Ken Jee
5 Proven Strategies to Break into a Data Science Job,2020-10-02,8710,366,93,Ken Jee
Why Data-Viz is so Darn Important (@Story by Data | Kate Strachnyi) - KNN EP. 16,2020-09-30,7147,285,59,Ken Jee
Data Science Resume Round-Up With @TinaHuang1  - Episode 1,2020-09-28,12356,290,69,Ken Jee
5 Essential Data Science Projects for Your Portfolio,2020-09-26,76033,3151,207,Ken Jee
His Startup Will Land You a Data Science Job (Jeremie Harris) - KNN EP. 15,2020-09-23,5329,202,66,Ken Jee
Reviewing Your Data Science Projects - Episode 21(The Cleanest Portfolio),2020-09-21,15335,547,60,Ken Jee
"Hedge Funds, Startups, and Data Science Oh my! (@DataLeap) - KNN EP. 14",2020-09-18,7750,252,34,Ken Jee
Land a Data Science Job in a Different Country (Vijay Pravin Maharajan) - KNN EP. 13,2020-09-16,5247,199,56,Ken Jee
Reviewing Your Data Science Projects - Episode 20 (Bootcamp Capstone),2020-09-14,4689,159,35,Ken Jee
The 5 Pillars of Success I Live By,2020-09-11,10263,863,152,Ken Jee
Fast Cars to Faster Data (Alex Castrounis) - KNN EP. 12,2020-09-09,1926,77,25,Ken Jee
Reviewing Your Data Science Projects - Episode 19 (One Big Improvement),2020-09-07,4108,165,43,Ken Jee
How I Learn Data Science Through Studying Other People's Code | #66DaysOfData,2020-09-04,12297,744,143,Ken Jee
How She Dominated the FAANG Data Science Interview  (@TinaHuang1 ) - KNN EP. 11,2020-09-02,18232,572,87,Ken Jee
Reviewing Your Data Science Projects - Episode 18 (Job-Worthy GitHub),2020-08-31,18671,794,93,Ken Jee
Why I'm Starting Data Science Over Again.,2020-08-29,50990,2571,442,Ken Jee
Inside the Mind of the Ultimate Kaggle Grandmaster (@Abhishek Thakur ) - KNN EP. 10,2020-08-26,15714,638,79,Ken Jee
Reviewing Your Data Science Projects - Episode 17 (Best Portfolio Website Yet?),2020-08-24,14865,511,53,Ken Jee
Don't Buy My Course..,2020-08-21,7378,355,144,Ken Jee
How a Subscriber Landed a Data Analyst Job in Less Than a Year (Ray Ojel) - KNN EP. 09,2020-08-19,29246,1100,166,Ken Jee
Reviewing Your Projects - Episode 16 (Project Review for Beginners),2020-08-17,3356,128,38,Ken Jee
Data Scientist Dismantles the YouTube Algorithm.,2020-08-14,6534,536,104,Ken Jee
Sports Analytics & Streaming Data Science on Twitch (Nick Wan) - KNN EP. 08,2020-08-12,5253,188,38,Ken Jee
Reviewing Your Data Science Projects - Episode 15 (Quant Finance),2020-08-10,15017,464,54,Ken Jee
The Plagiarism Problem in Data Science,2020-08-07,13221,628,145,Ken Jee
Interview with the Director of AI Research @ NVIDIA (Anima Anandkumar) - KNN EP. 07,2020-08-05,14902,607,89,Ken Jee
Reviewing Your Data Science Projects - Episode 14 [Deep Learning Focus],2020-08-03,5171,192,56,Ken Jee
My First Data Science Contracting Side-Gig (How I Did It),2020-07-31,11816,584,90,Ken Jee
Do You Have a Data Science Mentor? (@Danny Ma) - KNN EP. 06,2020-07-30,2405,117,34,Ken Jee
Reviewing Your Data Science Projects - Episode 13 (BONUS LinkedIn Review),2020-07-27,6244,264,112,Ken Jee
Building a Deep Learning BEAST (NVIDIA TITAN RTX + RYZEN 3900X),2020-07-24,8593,249,193,Ken Jee
Is it Important to Share Your Data Science Work? (Ft. Eric Weber),2020-07-22,1903,96,27,Ken Jee
Reviewing Your Data Science Resumes - Episode 12 (3 Different Resumes!),2020-07-20,29508,559,90,Ken Jee
Beginner Kaggle Data Science Project Walk-Through (Titanic),2020-07-17,427410,8835,457,Ken Jee
Uber Driver to Machine Learning Engineer in 9 Months! (@Daniel Bourke) - KNN EP. 05,2020-07-16,30894,1124,118,Ken Jee
Reviewing Your Data Science Projects - Episode 11(GITHUB CLEANING),2020-07-13,3953,133,50,Ken Jee
The Best Computer for Data Science Beginners,2020-07-10,40703,868,160,Ken Jee
Should You Major in Data Science? (Jaemin Lee) - KNN EP. 04,2020-07-08,6218,228,82,Ken Jee
Critiquing MY OWN Data Science Resume,2020-07-06,12983,396,86,Ken Jee
Where to Start Learning Data Science,2020-07-03,19552,790,125,Ken Jee
"Data Science Productivity, Motivation, and Organization (ft. Data Professor & Codebasics)",2020-07-01,4374,200,33,Ken Jee
Reviewing Your Data Science Projects - Episode 10 (Leveraging Your Data),2020-06-29,4889,184,52,Ken Jee
How to Get a Data Science Job at FAANG (@Data Science Jay) - KNN EP. 03,2020-06-26,17066,554,77,Ken Jee
Reviewing Your Data Science Projects - Episode 9 (Professional Violinist),2020-06-22,2476,82,40,Ken Jee
"Ken Jee Q & A Live Stream (50,000 Sub Special!)",2020-06-20,2414,136,49,Ken Jee
Reviewing Your Data Science Projects - Episode 8 (College Student Help),2020-06-15,4487,166,46,Ken Jee
Why You're Struggling to Learn Data Science,2020-06-12,15473,997,157,Ken Jee
Reviewing Your Data Science Projects - Episode 7 (Incredible Portfolio Website),2020-06-08,12427,364,70,Ken Jee
The State of Data Science with Krish Naik & The Data Professor [Panel Discussion],2020-06-05,25390,702,145,Ken Jee
Reviewing Your Data Science Projects - Episode 6 (Only 3 months of coding experience),2020-06-01,5774,154,53,Ken Jee
How to Build a Data Science Portfolio Website with Hugo & Github Pages [feat. Data Professor],2020-05-29,81394,2295,277,Ken Jee
Reviewing Your Data Science Projects - Episode 5 (Very Detailed Project),2020-05-25,21126,488,81,Ken Jee
Different Data Science Roles Explained (by a Data Scientist),2020-05-22,58745,2037,176,Ken Jee
Reviewing Your Data Science Projects - Episode 4 (Resume & Github),2020-05-18,11544,180,53,Ken Jee
How to Make A Data Science Portfolio Website with Github Pages,2020-05-15,146451,4683,195,Ken Jee
10000 Subscriber and 100th Video Special (Data Science),2020-05-13,3117,145,115,Ken Jee
Reviewing Your Data Science Projects - Episode 3 (Student Portfolio),2020-05-11,4669,157,74,Ken Jee
How I Would Learn Data Science (If I Had to Start Over),2020-05-08,1408376,48756,1985,Ken Jee
Reviewing Your Data Science Projects - Episode 2 (Resume and Portfolio),2020-05-04,5759,200,42,Ken Jee
What You Need to Know for a Data Science Internship,2020-05-01,23539,1221,60,Ken Jee
Reviewing Your Data Science Projects - Episode 1 (Exploratory Analysis),2020-04-27,8744,354,53,Ken Jee
What It's Like to be a Socially Distanced Data Scientist (A Day in the Life),2020-04-24,15139,452,99,Ken Jee
Data Science in Sports - Talk for Northwestern (Kellogg) MBA Students,2020-04-22,3308,88,25,Ken Jee
5 Tips for Crushing the Work From Home Life,2020-04-20,5527,198,38,Ken Jee
Data Science Project from Scratch - Part 7 (Documenting Your Work),2020-04-17,24246,770,129,Ken Jee
Data Science Project from Scratch -  Part 6 (Putting the Model into Production),2020-04-15,32607,763,99,Ken Jee
Data Science Project from Scratch  - Part 5 (Model Building),2020-04-13,48498,955,151,Ken Jee
Data Science Project from Scratch - Part 4 (Exploratory Data Analysis),2020-04-10,78565,1971,215,Ken Jee
Data Science Project from Scratch - Part 3 (Data Cleaning),2020-04-08,88304,1838,279,Ken Jee
Data Science Project from Scratch - Part 2 (Data Collection),2020-04-06,144351,3737,631,Ken Jee
Data Science Project from Scratch - Part 1 (Project Planning),2020-04-03,227417,5509,174,Ken Jee
When Data Science Goes Wrong,2020-03-30,1848,106,30,Ken Jee
How to ULTRALEARN Data Science,2020-03-27,62642,3793,169,Ken Jee
Why Right NOW is a Great Time to Learn Data Science,2020-03-23,4559,267,50,Ken Jee
Data Science Project Example Start to Finish (Deep Learning Image Classifier),2020-03-20,14659,478,45,Ken Jee
The Secret Data Scientists Don't Want You to Know,2020-03-16,11170,1140,100,Ken Jee
The 5 Stages of Learning Data Science,2020-03-13,17833,1285,70,Ken Jee
Can You Learn Data Science Without a Computer?,2020-03-11,2337,149,14,Ken Jee
The Best Free Data Science Courses Nobody is Talking About,2020-03-09,354354,21244,620,Ken Jee
The Data Science Projects that Got Me a Job,2020-03-06,42286,1392,41,Ken Jee
How to Integrate Data Science into Your Business,2020-03-02,3506,129,16,Ken Jee
The Problem with Data Science,2020-02-28,3905,149,18,Ken Jee
How Much Did Cheating Help the Astros Win? (What the Numbers Say),2020-02-24,1259,44,16,Ken Jee
How to Set Up Your Data Science Environment (Anaconda Beginner),2020-02-21,150615,2718,95,Ken Jee
3 Proven Data Science Projects for Beginners (Kaggle),2020-02-17,338294,17922,520,Ken Jee
Data Science Advice for College Students,2020-02-14,69625,1964,191,Ken Jee
Avoid These Data Science Resume Mistakes!,2020-02-10,29193,1246,60,Ken Jee
Data Science Explained with ... Cooking?,2020-02-07,5779,314,48,Ken Jee
The 4 Types of Sports Analytics Projects,2020-02-03,35823,1126,65,Ken Jee
Data Science in Golf: PGA Merchandise Show 2020,2020-01-31,674,19,13,Ken Jee
How I Learned Data Science,2020-01-27,94800,2675,209,Ken Jee
What is Sports Analytics Really?,2020-01-20,24718,678,75,Ken Jee
Data Science Certificate vs Bootcamp vs Masters Degree,2020-01-18,115510,3181,576,Ken Jee
How To Learn Programming for Data Science [3 Steps],2020-01-13,30489,1981,96,Ken Jee
Data Science Fundamentals: SQL Queries,2020-01-10,7218,225,35,Ken Jee
Questions You Should Ask Your Data Science Interviewers,2020-01-06,3213,148,14,Ken Jee
The 9 Books That Changed My Perspective in 2019,2020-01-03,3426,175,25,Ken Jee
The Data Science Interview: What to Expect,2019-12-30,8790,380,32,Ken Jee
5 Data Science Resolutions for 2020,2019-12-27,484,24,12,Ken Jee
How to Scrape NBA Data Using the nba_api Python Module,2019-12-23,19876,681,95,Ken Jee
Collision Course: Sports Betting + Data Science,2019-12-20,21965,571,27,Ken Jee
3 Reasons You Should NOT Become a Data Scientist,2019-12-16,101230,2901,200,Ken Jee
5 Sports Analytics Books to Get You Started,2019-12-13,12260,446,60,Ken Jee
Math Needed for Mastering Data Science,2019-12-09,58717,2891,215,Ken Jee
The 5 Stages of Data Science Adoption,2019-12-06,1408,68,17,Ken Jee
How YOU Can Land a Sports Analytics Job,2019-12-02,78352,3312,228,Ken Jee
Data Science Fundamentals: Linear Regression,2019-11-29,6858,176,42,Ken Jee
Golf: Would You Rather Be the LONGEST or STRAIGHTEST Driver on the PGA Tour?,2019-11-25,1350,54,12,Ken Jee
Sports Analytics 101: The Pythagorean Theorem of Sports,2019-11-22,7643,296,27,Ken Jee
9 Ways You Can Make Extra Income as a Data Scientist,2019-11-18,47162,1747,79,Ken Jee
Applying Data Science To My YouTube Data: My Surprising Findings,2019-11-11,6068,141,31,Ken Jee
Why Selling Is An Important Data Science Skill,2019-11-04,1739,80,13,Ken Jee
By The Numbers: Where Should The NBA Put a 4 Point Line?,2019-10-21,3318,76,18,Ken Jee
Why is Balance Important in Data Science?,2019-10-16,748,35,13,Ken Jee
How to Stay Productive & Motivated When Learning Data Science,2019-09-29,12234,584,57,Ken Jee
How Far Should the NBA 3-Point Line Actually Be?,2019-09-21,4851,128,41,Ken Jee
6 Habits of Successful Data Scientists,2019-09-13,2337,99,17,Ken Jee
How To Build A Word Cloud From Scraped Data (Python),2019-09-04,5475,114,10,Ken Jee
Thank You For The Support | What's Next | Ken Jee | Data Science,2019-08-26,529,23,29,Ken Jee
Is Data Science Right For You?,2019-08-18,54380,1217,109,Ken Jee
Data Science Fundamentals: Data Cleaning in Python,2019-08-11,15634,397,55,Ken Jee
How To Get Data Science Experience (Without a Job),2019-08-08,30208,1389,77,Ken Jee
Take Your Data Science Projects From Good to Great,2019-08-05,1688,109,11,Ken Jee
The Projects You Should Do To Get A Data Science Job,2019-07-30,157932,5761,251,Ken Jee
What Does a Data Scientist Actually Do?,2019-07-19,64134,1408,75,Ken Jee
Data Science Fundamentals: Data Manipulation in Python (Pandas),2019-07-13,13856,364,44,Ken Jee
Data Science Fundamentals: Data Exploration in Python (Pandas),2019-07-05,19180,548,61,Ken Jee
Data Science: Pros and Cons,2019-06-30,5929,232,18,Ken Jee
How I Got My First Data Science Internship (And How You Can Land One),2019-06-21,27351,1268,89,Ken Jee
My Top 5 Data Science Internship Tips,2019-06-15,12452,507,24,Ken Jee
Golf STATS: Strokes Gained Explained,2019-06-07,9273,178,32,Ken Jee
Most Data Science Hopefuls Overlook This Important Skill,2019-05-25,630,43,5,Ken Jee
What I Learned From My Three Degrees,2019-05-17,1316,59,12,Ken Jee
I Wish I Had Known THIS Before Starting in Data Science,2019-05-14,25761,1059,66,Ken Jee
NASA Physicist Turned Data Scientist (Tim Bowling) - KNN EP. 02,2019-05-05,1301,39,2,Ken Jee
Should You Learn R for Data Science?,2019-04-25,22789,575,72,Ken Jee
Scrape Twitter Data in Python with Twitterscraper Module,2019-04-18,46989,838,318,Ken Jee
Work From Home Data Scientist: Day in the Life,2019-04-12,28596,755,101,Ken Jee
Where to Look for Data Science Jobs,2019-03-29,3069,116,9,Ken Jee
Data Science: Startup vs. Large Corporation,2019-03-21,2591,81,4,Ken Jee
"Data Science, Machine Learning, and AI: What's the Difference?",2019-03-16,6644,180,26,Ken Jee
Was Captain Marvel Bad? A Sentiment Analysis of Twitter Data,2019-03-09,4352,179,15,Ken Jee
Why You DON'T Want to be a WFH Data Scientist,2019-03-03,856,32,12,Ken Jee
Welcome To My Channel | Ken Jee | Data Science,2019-03-03,1835,37,8,Ken Jee
Where YOU Should Start With Data Science Projects,2019-02-19,19781,375,20,Ken Jee
Watch This Before Applying to Data Science Jobs,2019-02-04,1547,65,13,Ken Jee
My Top 5 Data Science Resources for 2019,2019-01-05,3828,120,15,Ken Jee
IT'S NOT TOO LATE TO LEARN CODE!,2018-12-18,868,34,6,Ken Jee
The Best Way to Predict NBA Minutes Played,2018-12-11,5927,130,15,Ken Jee
Demystifying Data Science Roles,2018-11-30,1180,50,5,Ken Jee
How to Simulate NBA Games in Python,2018-11-19,19411,417,50,Ken Jee
Should You Get A Masters in Data Science?,2018-11-14,21063,303,133,Ken Jee
How I Became A Data Scientist From a Business Background,2018-11-12,6804,201,23,Ken Jee
Predicting Season Long NBA Wins Using Multiple Linear Regression,2018-07-10,9562,195,17,Ken Jee
Predicting Crypto-Currency Price Using RNN lSTM & GRU,2017-11-18,19753,297,40,Ken Jee
Ranking Vibe Coding Tools from Beginner to Advanced,2025-06-12,6657,162,7,Tina Huang
Every Essential AI Skill in 25 Minutes (2025),2025-06-12,29968,2020,106,Tina Huang
Claude 4 Models & Claude Code Fundamentals In 24 Minutes,2025-06-05,27997,1060,94,Tina Huang
üêô Updated AI Roadmap For 2025,2025-05-24,31860,1281,99,Tina Huang
Vibe Coding Fundamentals In 33 minutes,2025-05-19,171623,7044,379,Tina Huang
Google Firebase Studio In 23 Minutes,2025-05-13,205163,6739,260,Tina Huang
Building AI Agents In 44 Minutes,2025-04-21,193212,7115,271,Tina Huang
üêô Building AI Agents: A Step-by-Step Guide,2025-04-21,48345,2050,66,Tina Huang
üêô Vibe Coding 101,2025-04-13,28167,1139,24,Tina Huang
üêô How To Choose The Best LLM,2025-03-30,12307,480,21,Tina Huang
Claude In 29 Minutes,2025-03-18,91514,3214,133,Tina Huang
üêô Everything about Claude,2025-03-16,16123,715,40,Tina Huang
Google AI Studio In 26 Minutes,2025-03-09,199805,6960,420,Tina Huang
üêô Building AI Agents,2025-03-02,56124,2117,72,Tina Huang
Science Based Learning Strategies In 16 Minutes,2025-02-24,46425,2919,141,Tina Huang
AI Agents Fundamentals In 21 Minutes,2025-02-16,1115825,41058,1128,Tina Huang
üêô AI Agents Crash Course,2025-02-16,64274,2657,103,Tina Huang
Budgeting In 26 Minutes,2025-01-31,44202,2003,118,Tina Huang
The One Skill That Would Solve 90% Of Your Problems,2025-01-16,42403,2153,98,Tina Huang
My SMART Goals For 2025,2025-01-10,19149,957,85,Tina Huang
üêô Lunch & Learn: AI Fundamentals for 2025,2025-01-10,17542,527,34,Tina Huang
Financial Literacy In 63 Minutes,2025-01-01,1310285,90243,1640,Tina Huang
Google's 9 Hour AI Prompt Engineering Course In 20 Minutes,2024-12-09,785674,26708,623,Tina Huang
Learn To Learn In 25 Minutes,2024-11-27,443103,29022,431,Tina Huang
How To Train Yourself To Become A Genius,2024-11-12,401866,22537,592,Tina Huang
Google's 8 Hour AI Essentials Course In 15 Minutes,2024-10-28,455335,16793,563,Tina Huang
Andrew Ng‚Äôs 3 Week Intro AI Course in 25 Minutes| Deep Learning AI,2024-10-22,56896,2131,89,Tina Huang
It‚Äôs Time To Take Your Dreams Seriously - The Alchemist by Paulo Coelho,2024-10-03,18201,961,109,Tina Huang
How To Make The ULTIMATE Self Study Plan With ChatGPT (step by step prompting guide),2024-09-22,64623,3530,94,Tina Huang
10 Principles To Learn Anything,2024-09-08,89018,5791,209,Tina Huang
üêô Lunch & Learn: How to use AI to 10x Learning Things Part 3!,2024-09-08,6707,363,6,Tina Huang
üêô Lunch & Learn: How to use AI to 10x Learning Things Part 2!,2024-08-31,8094,496,7,Tina Huang
Screen Resumes With Me! (hiring for our team) üêô,2024-08-28,10912,531,33,Tina Huang
üêô Lunch & Learn: How to use AI to 10x Learning Things,2024-08-24,15186,710,30,Tina Huang
"5 Unique AI Projects (beginner to intermediate) | Python, LangChain, RAG, OpenAI, ChatGPT, ChatBot",2024-08-16,67186,2274,70,Tina Huang
How To Start Freelancing (a step by step guide),2024-08-12,79793,3160,113,Tina Huang
üêô Lunch & Learn: Let's Try Out Meta Models (Llama 3.1 & SAM 2),2024-08-04,5244,179,8,Tina Huang
Why You (probably) Should Not Get A Master‚Äôs Degree In 2024,2024-07-29,81551,2906,420,Tina Huang
üêô Lunch & Learn: Let's Talk about GPT-4o Mini,2024-07-21,6974,240,10,Tina Huang
üêô Lunch & Learn: The Hoarding of AI Chips,2024-07-14,4034,181,6,Tina Huang
üêô Lunch & Learn: AI Skills for your Resume,2024-07-06,6977,439,8,Tina Huang
How I Would Start My Career In 2024 (if I could redo over),2024-07-01,48117,2264,167,Tina Huang
üêô Lunch & Learn: Let‚Äôs talk about Claude 3.5,2024-06-29,5682,203,13,Tina Huang
üêô Lunch & Learn: Ilya Sutskever & AI Safety,2024-06-23,5717,205,26,Tina Huang
Study With Me Using GPT-4o,2024-06-20,17853,744,63,Tina Huang
üêô Lunch & Learn: How to Showcase your AI Projects + LO Q&A,2024-06-09,8277,264,6,Tina Huang
Why You Can't Find A Job,2024-05-31,250650,9422,1470,Tina Huang
Making My New Self Study Plan,2024-05-26,32913,1626,116,Tina Huang
üêô Lunch & Learn: Let's Build An AI Assistant With GPT-4o (w/ Joe & Winston of @Posit),2024-05-26,30110,918,27,Tina Huang
üêô Lunch & Learn: ChatGPT-4o,2024-05-19,13126,424,31,Tina Huang
üêô Lunch & Learn: Let's make some AI Music,2024-05-05,6546,277,11,Tina Huang
Big Tech AI Is A Lie,2024-05-01,285761,13736,2273,Tina Huang
üêô Lunch & Learn: Let‚Äôs Talk about LLAMA3 and AI Girlfriends ü•π,2024-04-28,6610,249,21,Tina Huang
üêô Lunch & Learn: Google Be Hopping On The AI Agents Train (finally)!,2024-04-13,8145,285,15,Tina Huang
üêô Lunch & Learn: Let‚Äôs talk about NVIDIA GTC (It was wild!),2024-03-23,6792,318,5,Tina Huang
From zero momentum to unstoppable force - mastering the #coldstart like a champ #AI #chatgpt,2024-03-18,6508,281,10,Tina Huang
üêô Lunch & Learn: Let's talk about Devin,2024-03-16,9830,340,28,Tina Huang
Sharing one of my favorite #AI apps with you,2024-03-14,6247,264,6,Tina Huang
How to overcome procrastination,2024-03-12,35724,2465,55,Tina Huang
Trick for effective #selfstudy,2024-03-11,11015,642,12,Tina Huang
üêô Lunch & Learn: Intro to Open Source Models,2024-03-09,9199,424,14,Tina Huang
How the memory process works,2024-03-08,8738,744,15,Tina Huang
Increase concentration 10X,2024-03-06,21708,2298,33,Tina Huang
Which Jobs Will Survive AI?,2024-03-03,706483,23689,2715,Tina Huang
parkinson's law,2024-03-02,8627,615,5,Tina Huang
Sharing with you the moment I knew I had learned enough to start doing projects #selfstudy,2024-02-26,5020,248,7,Tina Huang
Trick to boost your #dopamine levels and enhance #motivation. What are your thoughts on this?,2024-02-25,184483,11048,187,Tina Huang
üêô Lunch & Learn: Most Important AI Skills to Learn in 2024 and Q&A Session,2024-02-25,15051,598,27,Tina Huang
The best way to learn fast,2024-02-24,10265,877,15,Tina Huang
"Like a personal trainer for your ambitions, but with less yelling and more winning",2024-02-22,4384,357,8,Tina Huang
The MOST Important Skills To Learn in 2024,2024-02-20,244586,8975,505,Tina Huang
üêô Lunch & Learn: How to use AI to Solve Tiny Annoying Things,2024-02-18,7286,351,17,Tina Huang
Dopamine explained,2024-02-17,6967,500,7,Tina Huang
üêô Lunch & Learn: Let‚Äôs Talk About OpenAI Sora (the most powerful text to video model),2024-02-17,6319,272,15,Tina Huang
"#procrastination level: Expert. But hey, #selfstudy waits for no one. Let's get this bread..",2024-02-16,5335,431,8,Tina Huang
Self-study schedule,2024-02-14,19326,1335,8,Tina Huang
Meta Learning,2024-02-13,12243,797,7,Tina Huang
üêô Lunch & Learn: Things to Learn in 2024,2024-02-11,10202,575,33,Tina Huang
Why you should not become a data scientist,2024-02-09,8399,272,8,Tina Huang
Passion Hypothesis,2024-02-08,6797,626,24,Tina Huang
How To Learn Things FAST,2024-02-03,381301,20660,323,Tina Huang
Input VS Output Goals,2024-02-03,4799,451,26,Tina Huang
How to set Effective GOALS,2024-02-01,4357,242,5,Tina Huang
How to not quit,2024-01-30,11248,1049,42,Tina Huang
How To Create A Self Study Schedule,2024-01-28,676817,39624,402,Tina Huang
üêô Lunch & Learn: AI News - iPhone for AI & Copilot,2024-01-28,4464,172,14,Tina Huang
üêô Lunch & Learn: How To Create Content FAST with AI,2024-01-21,7359,375,18,Tina Huang
What is Fatal Flaw,2024-01-20,4758,288,8,Tina Huang
The BEST Upcoming Jobs,2024-01-18,212195,7364,277,Tina Huang
THIS leads to your downfall,2024-01-18,3598,180,2,Tina Huang
Identify your Fatal Flaw,2024-01-17,8173,593,34,Tina Huang
Unleash Your Alter Ego Discover the Power Within,2024-01-16,5102,292,7,Tina Huang
"üêô Lunch & Learn: AI Influencers, Robot Bees, & Other Cool AI Things",2024-01-14,5268,235,5,Tina Huang
The power of #alterego : finding inspiration in unlikely places,2024-01-10,2703,208,8,Tina Huang
Embrace Change and Unleash Your Potential in the Evolving Job Market,2024-01-08,3921,253,8,Tina Huang
üêô Lunch & Learn: Rating The BEST AI Courses,2024-01-07,10532,454,22,Tina Huang
Unlock Your Extraordinary Potential with the Alter Ego Effect,2024-01-05,5278,436,12,Tina Huang
Unlock Academic Success with Mentors and Collaborative Learning,2024-01-03,1986,126,3,Tina Huang
Unleash Your Potential and Break Free from the Study Excuse,2024-01-01,6414,748,18,Tina Huang
How To Self Study AI FAST,2023-12-30,710612,31467,629,Tina Huang
Big myth of education system,2023-12-28,3574,187,8,Tina Huang
Boost Productivity Start Small  Conquer the Toughest Tasks,2023-12-26,4891,351,11,Tina Huang
Confronting Fears: Harry's Terrifying Journey to Save his Crush,2023-12-23,3175,213,2,Tina Huang
How Much Do AI Freelancers Make?,2023-12-23,30907,1207,79,Tina Huang
Tap into your inner hero: the power of the #alterego effect,2023-12-21,3744,200,7,Tina Huang
Mastering a New Skill Avoiding Hype and Stay Committed,2023-12-19,5655,492,12,Tina Huang
The Power of the Pareto Principle for Maximized Results,2023-12-17,5958,405,9,Tina Huang
üêô Lunch & Learn: Let‚Äôs Create AI Videos!,2023-12-16,5915,287,14,Tina Huang
Why Being a Magpie in Self Studying Isn't Bad: Avoiding Burnout,2023-12-14,8968,493,6,Tina Huang
How To Stop Quitting Everything You Start,2023-12-12,281173,17519,741,Tina Huang
Overcoming Limitations The Unstoppable Journey of Rock Lee in Naruto,2023-12-12,6962,540,13,Tina Huang
üêô Lunch & Learn: Let's Test Gemini (better than ChatGPT?),2023-12-09,9625,339,13,Tina Huang
What is Q*? | FULL DEEP DIVE,2023-12-07,10622,431,30,Tina Huang
Sneaky Trick to Supercharge Productivity Real Deadlines Real Results,2023-12-05,3513,246,8,Tina Huang
üêô Lunch & Learn: Learn To Use Assistants API,2023-12-02,7312,381,9,Tina Huang
Don't Let Regret Define You Embrace Your Goals Before Its Too Late,2023-11-29,5716,353,17,Tina Huang
Unlock Your Full Potential Through Continuous Improvement,2023-11-27,4464,373,11,Tina Huang
üêô Lunch & Learn: LLM & Prompting 101,2023-11-26,8692,308,5,Tina Huang
üêô Lunch & Learn: How to Create Custom GPTs,2023-11-19,13393,639,15,Tina Huang
üêô Lunch & Learn: MLOps 101 with Miki Bazeley,2023-11-11,8654,313,12,Tina Huang
How To Unlock Your Hidden Potential (pareto principle üß†),2023-11-07,22765,1343,62,Tina Huang
üêô Lunch & Learn: Workshop - Content Creation 101,2023-10-28,7860,445,16,Tina Huang
üêô Lunch & Learn: Build and Deploy Python API Workshop,2023-10-22,7671,355,14,Tina Huang
"5 Unique Portfolio AI Projects (beginner to intermediate) | Python, OpenAI, ChatGPT, Langchain",2023-10-21,173395,5225,124,Tina Huang
üêô Lunch & Learn: Automating Workflows With AI Workshop,2023-10-15,7553,285,10,Tina Huang
üêô Lunch & Learn: Data Engineering + Lonely Octopus Q&A  - Apps are now open!,2023-10-08,6261,292,10,Tina Huang
üêô Lunch & Learn: Future of AI In Data Analytics w/ @AlexTheAnalyst,2023-09-29,19114,801,22,Tina Huang
How to FINALLY Self Study Consistently,2023-09-26,157475,8355,201,Tina Huang
üêô Lunch & Learn: Code An AI Assistant Workshop LIVE,2023-09-23,10026,639,45,Tina Huang
üêô Lunch & Learn: Building AI Products!,2023-09-16,15766,731,33,Tina Huang
How to Choose A Career You Won‚Äôt Regret,2023-09-14,701356,32517,711,Tina Huang
Data Science is Applicable Everywhere!,2023-09-07,12754,1097,18,Tina Huang
Data Science: the job that never gets boring,2023-09-05,32936,2196,34,Tina Huang
How To Reach Your Full Potential (alter ego effect üëØ),2023-08-25,594261,37952,729,Tina Huang
How to Become a Speed Learner (with ChatGPT),2023-07-26,162090,8545,205,Tina Huang
sick of it.,2023-07-07,23455,1188,54,Tina Huang
Best ChatGPT Prompts to Learn Coding (the ULTIMATE method!),2023-06-24,50740,2464,93,Tina Huang
No insurance in üá∫üá∏,2023-06-14,26334,614,68,Tina Huang
When you need to study but also wanna watch anime ü•π,2023-06-04,10639,751,13,Tina Huang
üêô Lonely Octopus Career Design Training,2023-05-13,21292,856,35,Tina Huang
How to Find Your Perfect Career (in the Age of AI & ChatGPT),2023-05-12,101475,5219,205,Tina Huang
Open Letter to Pause AI Development üëÄ,2023-03-29,18687,852,90,Tina Huang
My favourite thing about being a data scientist üë©‚Äçüíª,2023-03-12,32896,2334,35,Tina Huang
How to learn to code FAST using ChatGPT (it's a game changer seriously),2023-03-02,2374231,83157,1872,Tina Huang
Why You Will Pick the Wrong Career,2023-01-28,828684,40927,1291,Tina Huang
"64 self-help books, summarized in 1 sentence each.",2023-01-10,142423,7657,226,Tina Huang
How to Completely Transform Your Life in 6 Months (the butterfly effect ü¶ã),2023-01-01,1137465,51154,707,Tina Huang
Self Study Traps to Avoid in 2023 (stop self-sabotaging!),2022-12-31,493982,25423,415,Tina Huang
Tech Layoffs: important lessons to recession proof yourself,2022-11-27,107718,4919,298,Tina Huang
How I Found My Perfect Career (advice for indecisive people and career changers),2022-11-01,353903,22160,641,Tina Huang
How to Get Over Fear of Failure (and stop procrastinating),2022-10-18,101154,5886,220,Tina Huang
How to be Successful as an Introvert,2022-07-29,130976,6984,255,Tina Huang
Why the best students are NOT the most successful,2022-06-27,142203,7578,459,Tina Huang
I left Meta...and I'm lowkey freaking out ü•≤,2022-06-09,240400,12494,764,Tina Huang
Why you keep quitting online courses (and then buy more),2022-06-02,254943,10204,606,Tina Huang
How I trick myself to be self-disciplined,2022-05-21,128575,6753,230,Tina Huang
How to Take Notes for Technical Things,2022-05-17,175671,7624,143,Tina Huang
Tips to Learn Technical Things Faster,2022-05-07,209953,11590,266,Tina Huang
stop being lazy.,2022-04-30,64839,3704,143,Tina Huang
Career advice for your 20s and 30s,2022-04-22,130834,6087,279,Tina Huang
Books that will pay off HUGE dividends in your 20s and 30s,2022-04-15,74978,4276,143,Tina Huang
5 Unique Python Projects (beginner to intermediate),2022-04-09,622546,22516,266,Tina Huang
How to save a half-wasted dayü•≤,2022-04-05,62877,3940,194,Tina Huang
How To Learn Anything Faster,2022-03-27,94400,5623,224,Tina Huang
9 ways to make money coding (and the combo strategy I recommend),2022-03-18,68467,3203,100,Tina Huang
Data scientists be like...,2022-03-14,40209,1598,61,Tina Huang
"Why you should not work at  FAANG/MANGA (Meta/Facebook, Amazon, Apple, Netflix, Google)",2022-03-11,52814,1874,113,Tina Huang
"what it‚Äôs ACTUALLY like to work at FAANG... (Facebook/Meta, Amazon, Netflix, Google, Apple)",2022-03-03,41929,1552,157,Tina Huang
How to learn programming faster!,2022-02-19,365356,17629,576,Tina Huang
What to EDUCATE YOURSELF on in 2022 (because the world is changing very quickly) üêà‚Äç‚¨õ,2022-02-14,59523,3185,142,Tina Huang
Techniques I use to be more disciplined and CONSISTENTLY study (with a full time job),2022-02-03,668546,40329,627,Tina Huang
How I motivate myself to study with a full time job (1 year in and haven‚Äôt given up yet ü§Ø),2022-01-17,209099,9166,371,Tina Huang
The one habit that will change your life,2021-12-31,52359,2627,102,Tina Huang
2022 create a vision board/book + plan with me!,2021-12-28,23203,944,26,Tina Huang
how to PROPERLY make a vision board | law of attraction in 2022,2021-12-26,65477,3135,126,Tina Huang
apartment home office desk tour üêà,2021-12-18,121875,2974,200,Tina Huang
the 5 books that changed my life,2021-12-10,80738,4334,164,Tina Huang
The scoreboard I use to achieve my goals (science backed),2021-11-28,211523,8080,218,Tina Huang
How I use Notion in 4 different ways,2021-11-18,33367,1141,42,Tina Huang
Why you can‚Äôt find your passion,2021-11-09,116953,7186,306,Tina Huang
my simple weekly planning routine (that actually works),2021-11-03,178237,8768,229,Tina Huang
I play Visage and try not to cry (Halloween special),2021-11-01,12281,482,19,Tina Huang
What it‚Äôs like being a data scientist,2021-10-18,85036,3546,177,Tina Huang
How I consistently study with a full time job (9 months in and still going strong),2021-10-09,2820448,117521,2032,Tina Huang
Why being a data scientist is awesome!,2021-09-26,289664,10381,504,Tina Huang
Why you should not be a data scientist,2021-09-19,777040,21741,995,Tina Huang
Why I work so hard (despite having a ‚Äògood‚Äô job),2021-09-12,510037,22320,847,Tina Huang
Good coding habits to start developing NOW,2021-08-27,101123,4641,174,Tina Huang
How I'm figuring out what to do with my life,2021-08-22,52008,3071,142,Tina Huang
8 tiny habits that help me avoid procrastination,2021-08-15,334174,16304,370,Tina Huang
Data scientist desk setup (ergonomics while coding) | work from home edition,2021-07-28,57276,1417,145,Tina Huang
The habits that changed my life (and how I built them),2021-07-20,218154,10766,260,Tina Huang
How I'm learning to trade (forex swing trading),2021-07-11,38173,1424,134,Tina Huang
"How I design effective study plans for ANY SUBJECT (and stick with them) | trading, coding etc.",2021-07-04,81291,4174,123,Tina Huang
How I take notes - Tips for efficient note taking that speeds up learning,2021-06-26,200009,9203,258,Tina Huang
How I stop myself from burning out,2021-06-18,32270,1550,148,Tina Huang
Watch me build my portfolio! | How to create a portfolio website,2021-06-10,37205,972,50,Tina Huang
Data Science SQL Interview Question Walkthrough | SQL Sundays #9,2021-06-01,64384,1848,86,Tina Huang
"How to self study using MOOCS (Udemy, Coursera, and other online courses) | self study online",2021-05-27,291107,11433,274,Tina Huang
60k cooking and Q&A (ft. Uncle Roger fried rice),2021-05-23,7503,190,16,Tina Huang
Why you should have a portfolio website,2021-05-19,56146,2461,133,Tina Huang
We code a trading bot live! @jacobamaral,2021-05-10,23476,663,28,Tina Huang
The quant trader interview guide,2021-05-01,129868,2642,97,Tina Huang
How I would learn to code (if I could start over),2021-04-25,3424938,185804,2408,Tina Huang
"FAANG Data scientist reviews: Datacamp, Dataquest, 365 Data Science",2021-04-18,99892,2112,133,Tina Huang
What's the best certificate for data analysts? Google vs IBM Data Analyst Certificate,2021-04-09,493509,14714,593,Tina Huang
How to self study technical things,2021-04-04,2311936,80202,1706,Tina Huang
Watch this video before applying to Georgia Tech OMSCS,2021-03-21,97422,1573,244,Tina Huang
"Overview, Review and Study Tips - Google Data Analytics Professional Certificate (condensed version)",2021-03-20,346225,11783,522,Tina Huang
"Overview, Review and Study Tips - Google Data Analytics Professional Certificate",2021-03-19,28266,834,53,Tina Huang
from management consultant to software engineer | Humans of MCIT,2021-03-15,4880,105,6,Tina Huang
Needed to learn javascript in 3 hours - would not recommend,2021-03-07,16830,711,100,Tina Huang
Data science interview tips (product and technical interviews),2021-02-28,6857,234,20,Tina Huang
My career changing computer science masters degree in 15 minutes (Upenn MCIT),2021-02-21,62357,1705,236,Tina Huang
the most underrated data job in 2021,2021-02-05,18688,673,127,Tina Huang
cake and big sister advice üñ§,2021-01-31,6031,305,74,Tina Huang
How to get a data science job,2021-01-24,65052,2315,137,Tina Huang
Internship that made me rethink my career...(technology summer analyst at Goldman Sachs),2021-01-17,305887,7857,505,Tina Huang
How to learn math for data science (the minimize effort maximize outcome way),2021-01-11,112389,4415,226,Tina Huang
A productive day as a data scientist | day in the life of a data scientist vlog #2,2021-01-02,16134,361,35,Tina Huang
How to learn data science in 2022 (the minimize effort maximize outcome way),2020-12-26,485825,21686,624,Tina Huang
Do you have what it takes to be a great data scientist?,2020-12-20,9536,459,55,Tina Huang
The comments sections are WILD | YouTube sentiment analysis - Data science project for beginners,2020-12-11,13853,321,58,Tina Huang
A hard work day (ft. new NLP project) | FAANG data science isn't chill | vlog 1,2020-12-01,15297,303,47,Tina Huang
3 tips to avoid debt for a masters #SHORTS,2020-11-23,45249,2243,64,Tina Huang
The software engineering resume that got me into FAANG and Goldman Sachs (internship),2020-11-17,21011,404,45,Tina Huang
How I chose my masters degree (as an international student),2020-11-08,18390,521,86,Tina Huang
Interview with a quant trader,2020-11-02,143614,3645,237,Tina Huang
Data Science SQL Interview Question Walkthrough (real interview style) | SQL Sundays #8,2020-10-28,10614,267,50,Tina Huang
The data science resume that got me my FAANG (MANGA?) job (entry level data scientist),2020-10-23,254945,6463,262,Tina Huang
Data Science SQL Interview Question Walkthrough (real interview style) | SQL Sundays #7,2020-10-19,8389,211,28,Tina Huang
Data Science vs Software Engineering Interview | 3 Key Differences,2020-10-14,31744,1976,82,Tina Huang
SQL Data Science Interview Question Walkthrough | SQL Sundays #6,2020-10-12,8585,206,40,Tina Huang
Data Science Resume Round-Up With @KenJee_ds  - Episode 2,2020-10-09,5721,155,22,Tina Huang
Data Science SQL Interview Question Walkthrough | SQL Sundays #5,2020-10-05,14460,348,61,Tina Huang
SQL Data Science Interview Questions and Answers (interview style walk-through) | SQL Sundays #4,2020-09-27,18207,371,52,Tina Huang
Biology to Data Science (data professor's tips on how to get a data science research position),2020-09-26,5586,176,38,Tina Huang
SQL Data Science Interview Questions and Answers (interview style walk-through) | Question 3,2020-09-21,17224,379,52,Tina Huang
A day in the life of a data scientist (FAANG data scientist remote),2020-09-19,105219,3199,213,Tina Huang
THANK YOU FOR 1000! | Proper intro | Random facts about myself,2020-09-14,3573,149,53,Tina Huang
Real Data Science SQL Interview Questions and Answers # 2 | Data Science Interview Questions,2020-09-12,36305,1034,122,Tina Huang
3 More Unique and Impactful Projects to get a Data Science Job,2020-09-08,25712,1241,73,Tina Huang
Real Data Science SQL Interview Questions and Answers # 1 | Data Science Interview Questions,2020-09-04,270955,8939,307,Tina Huang
Upenn MCIT Program Details and Real Student Experiences - Dr. Arvind Bhusnurmath,2020-08-30,16035,392,70,Tina Huang
The Ultimate Guide to Land a Data Science Internship | schedule and time management survival guide,2020-08-25,25310,1233,63,Tina Huang
"Are you a student? If yes, this is the best data science project for you!",2020-08-20,73562,3670,204,Tina Huang
3rd Year CS Resume (and asian drink) Review | Reviewing Your Resumes Ep. 2,2020-08-18,3364,80,13,Tina Huang
How to learn SQL for data science interview (the minimize effort maximize outcome way),2020-08-12,117047,6650,237,Tina Huang
"3rd Year Statistics,  Data Science, Computer Science Resume | Reviewing Your Resumes Ep. 1",2020-08-08,8036,214,24,Tina Huang
How I Became a Data Scientist | Computer Science Job Search Part 2,2020-08-02,17140,475,41,Tina Huang
How I got Software Engineering and Data Science Internships | Computer Science Job Search Part 1,2020-07-28,32769,1057,71,Tina Huang
How to choose between software engineering and data science | 5 Key Considerations,2020-07-22,435014,18766,703,Tina Huang
My UPenn MCIT Experience,2020-07-17,28333,422,76,Tina Huang
Power BI for Data Analytics - Full Course for Beginners,2025-06-11,12527,1012,111,Luke Barousse
SQL for Data Analytics ‚Äì Intermediate Course + Project,2025-03-31,37043,1331,180,Luke Barousse
How I Would Learn to be a Data Analyst,2025-01-17,111790,5702,164,Luke Barousse
Excel Copilot: Future of Spreadsheets or Overhyped?,2024-12-23,26631,486,45,Luke Barousse
ChatGPT for Data Analytics - Full Tutorial,2024-11-20,31046,997,58,Luke Barousse
How I Use Notion: Tutorial for Beginners,2024-11-13,46130,1043,55,Luke Barousse
Excel for Data Analytics - Full Course for Beginners,2024-10-14,848353,25089,1044,Luke Barousse
Python for Data Analytics - Full Course for Beginners,2024-06-07,721550,22427,668,Luke Barousse
Study: GPT-4 outperforms Data Analysts,2024-04-02,89464,2222,306,Luke Barousse
Should you still learn to code? (ft. Devin),2024-03-22,53417,1286,128,Luke Barousse
SQL for Data Analytics - Learn SQL in 4 Hours,2024-03-11,814803,23821,877,Luke Barousse
Gemini is Here - Is this the End of ChatGPT?,2024-02-09,42615,1091,68,Luke Barousse
How I Code Faster - GitHub Copilot,2024-02-03,67393,1090,48,Luke Barousse
ChatGPT for Data Analytics: Full Course,2024-01-27,708669,10099,181,Luke Barousse
Microsoft Copilot - Excel has forever changed,2024-01-17,1013129,12731,339,Luke Barousse
How I'd Learn to be a Data Analyst in 2024,2024-01-12,304436,9365,216,Luke Barousse
Top Apps I Use as a Data Analyst,2024-01-04,41936,1528,72,Luke Barousse
ChatGPT‚Äôs Best Plugin Was Terminated,2023-12-21,18100,429,31,Luke Barousse
I paid $16 for Grok... so you don‚Äôt have to,2023-12-14,31904,655,65,Luke Barousse
Google Lied To Us,2023-12-08,24890,876,69,Luke Barousse
Gemini - Google's Competitor to ChatGPT,2023-12-07,37341,684,59,Luke Barousse
I Built A Python Project WITHOUT Coding,2023-12-06,13399,606,54,Luke Barousse
How to be a top Swiftie? üéßüìä,2023-11-30,13336,463,14,Luke Barousse
ChatGPT for Data Analytics: Beginner Tutorial,2023-11-27,94885,2376,117,Luke Barousse
Excel's Major Upgrade: CoPilot (Microsoft Event Recap),2023-09-26,151218,2053,111,Luke Barousse
This ChatGPT Change is HUGE for Data Analysts,2023-09-17,23505,862,66,Luke Barousse
Python In Excel: Microsoft Changed EVERYTHING,2023-09-06,453520,6999,342,Luke Barousse
ChatGPT's 'Advanced Data Analysis' is OBSOLETE ‚ò†Ô∏è (formerly called 'Code Interpreter'),2023-08-20,117859,2039,117,Luke Barousse
The End of Data Analysts?!? (ChatGPT's Code Interpreter),2023-07-26,245915,4375,313,Luke Barousse
How I use ChatGPT as a Data Analyst,2023-07-07,294308,4951,192,Luke Barousse
ChatGPT vs. Bard for Data Analysts,2023-05-20,70328,1400,115,Luke Barousse
Luke Barousse Live Stream,2023-05-12,0,0,0,Luke Barousse
Google‚Äôs BI vs. Advanced Data Analytics Certificates,2023-04-13,162550,7022,269,Luke Barousse
Freelance Jobs in Data Science ft.@ShashankData,2023-03-27,106423,4868,10,Luke Barousse
Gain Experience WITHOUT a Job ü§Ø,2023-03-24,48535,3779,41,Luke Barousse
How I find Projects as a Data Analyst,2023-03-22,73919,5031,30,Luke Barousse
How I Learn Faster with THIS üò¥,2023-03-20,23318,1838,33,Luke Barousse
How I Remember Everything I Learn üß†,2023-03-17,30634,1977,17,Luke Barousse
How I Learn üß†,2023-03-15,21501,1561,12,Luke Barousse
How I use Statistics as a Data Analyst,2023-03-13,61172,2916,26,Luke Barousse
How I use Math as a Data Analyst,2023-03-10,93098,4726,30,Luke Barousse
How much Math for Data Analysis,2023-03-08,32047,1472,24,Luke Barousse
Is a Data Science Degree really necessary? ü§î,2023-03-06,35331,1414,10,Luke Barousse
Secrets of a Data Science Hiring Manager ü§´ - Pt.2,2023-03-03,8652,412,0,Luke Barousse
Secrets of a Data Science Hiring Manager ü§´,2023-03-01,15246,972,10,Luke Barousse
SQL... but for non-data nerds,2023-02-27,61550,4225,28,Luke Barousse
Popular SQL databases for data nerds,2023-02-24,23007,1786,18,Luke Barousse
What is SQL?!?,2023-02-22,85893,3866,24,Luke Barousse
How I use SQL as a data analyst,2023-02-20,245282,12509,99,Luke Barousse
"I analyzed 3,707,359 jobs to solve THIS",2023-02-17,305295,15653,1193,Luke Barousse
Hacking data for my subscribers,2023-02-16,14237,1361,27,Luke Barousse
I built an app for data nerds,2023-02-14,27719,2334,35,Luke Barousse
"How I saved $3,000 on ""The Cloud‚Äù? ‚òÅÔ∏è",2023-02-10,8496,483,13,Luke Barousse
What jobs are in Data Science? ü§ì,2023-02-08,45086,2690,18,Luke Barousse
Can you automate a job search? üò≥ü§ñ,2023-02-06,21427,1098,12,Luke Barousse
Degrees. Are they overrated?!?,2023-02-03,9151,580,14,Luke Barousse
Data Job with NO degree ‚ùåüéìü§Ø,2023-02-01,37066,2004,41,Luke Barousse
Rejection is never easy üòî,2023-01-30,18522,1271,28,Luke Barousse
Top Excel courses for Data Analysts üßë‚Äçüéìüìä,2023-01-20,143221,9915,78,Luke Barousse
Data Science with NO coding üò≥üë®üèº‚Äçüíª,2023-01-18,32625,1662,33,Luke Barousse
Degrees vs. Experience in Data Science üìú üÜö üìä,2023-01-16,47912,2643,41,Luke Barousse
Data Analyst's first course üßë‚Äçüíª,2023-01-13,15974,1573,24,Luke Barousse
Data Analysts are lowest paid in Data Science üí∏ü•µ,2023-01-11,64650,3375,62,Luke Barousse
Day in the life of a Data Analyst ü§ìüìä,2023-01-10,216821,14450,103,Luke Barousse
Why you never stop learning in Data Science üß†ü§ì,2023-01-05,15710,1027,13,Luke Barousse
How THIS got me a Data Analyst job ü§ìüìà,2023-01-04,36176,2478,33,Luke Barousse
If I had to start over as a Data Analyst ü§ìüìä,2023-01-03,23983,1980,9,Luke Barousse
How to learn to be a Data Analyst ü§ìüìä,2023-01-02,59574,4198,21,Luke Barousse
Python üêç and R üè¥‚Äç‚ò†Ô∏è course recommendations,2022-12-29,25691,1715,13,Luke Barousse
Working with üò∞ social anxiety,2022-12-28,7630,366,11,Luke Barousse
Python üêç¬†Vs. R ¬†üè¥‚Äç‚ò†Ô∏è,2022-12-22,101837,3889,65,Luke Barousse
Top Skills of a Data Analyst ü§ìüìä,2022-12-20,35723,2741,49,Luke Barousse
I became a famous rapper (with ChatGPT) ü§ñüéôÔ∏è,2022-12-18,7975,311,18,Luke Barousse
What the HECK is a ‚ÄúData Pipeline‚Äù? üë©üèª‚Äçüîßüìäü™†,2022-12-16,25525,1513,17,Luke Barousse
Should you learn Python? üêçüíªü§ì,2022-12-14,54034,2972,32,Luke Barousse
Ticketmaster EXPOSED by Data Nerds ü§ì  (Taylor Swift - Eras Tour),2022-12-12,11326,487,12,Luke Barousse
Data Science Jobs WITHOUT Experience ü§∑üèº‚Äç‚ôÇÔ∏è‚ùåüßë‚Äçüíª,2022-12-08,20319,1510,14,Luke Barousse
Get NOTICED in Data Science üëÄüßë‚Äçüíªüìä,2022-12-06,16549,1321,4,Luke Barousse
Nightmares of Microsoft Excel ‚ò†Ô∏èüìäüòµ,2022-12-02,126471,1931,75,Luke Barousse
How I use Excel as a Data Analyst üìäü§ì,2022-12-01,145405,7494,57,Luke Barousse
Non-Python Machine Learning Tools ‚ùåüêçü§ñ,2022-11-30,36612,1421,32,Luke Barousse
How I use Python as a Data Analyst,2022-11-25,420939,15876,522,Luke Barousse
How to become a Data Analyst? ü§ì,2022-11-25,31486,2420,24,Luke Barousse
What is Machine Learning? ü§ñüìö,2022-11-22,35343,2201,18,Luke Barousse
Is web scraping legal? ü´¢üò≥,2022-11-20,635573,17596,386,Luke Barousse
Are degrees overrated? üëéüèºüìúüö´,2022-10-27,51408,2754,58,Luke Barousse
THEY became Data Analysts with NO degree,2022-10-12,76770,3579,391,Luke Barousse
Tools you should know as a Data Analyst,2022-09-20,50423,1885,130,Luke Barousse
How I use Machine Learning as a Data Analyst,2022-08-30,123462,4112,183,Luke Barousse
How I use Math as a Data Analyst,2022-06-10,113230,5044,301,Luke Barousse
Data Analyst vs. Data Scientist (funny!),2022-05-24,49717,2169,264,Luke Barousse
How I use Excel as a Data Analyst,2022-05-16,457204,14539,556,Luke Barousse
PROJECTS that landed Data Jobs for my Subscribers,2022-04-13,334297,14354,348,Luke Barousse
They became Data Analysts with THIS - Google Data Analytics Certificate: One Year Later,2022-04-01,523056,16269,975,Luke Barousse
How I find projects as a Data Analyst,2022-03-07,129193,6008,206,Luke Barousse
How I learned how to learn,2022-02-25,141972,6870,368,Luke Barousse
The book every Data Analyst should read,2022-02-08,211536,10453,314,Luke Barousse
How I use SQL as a Data Analyst,2022-01-28,890633,30419,897,Luke Barousse
Why you should NOT be a Data Analyst,2022-01-14,184679,5032,465,Luke Barousse
How I Would Learn to be a Data Analyst,2022-01-05,1624243,64958,1369,Luke Barousse
Top Courses to Become a Data Analyst,2021-12-27,618629,27638,817,Luke Barousse
Mac vs PC for Data Science (SPOILER: Don't get a Mac...),2021-12-16,248370,5289,472,Luke Barousse
"M1 Chip is as FAST as M1 Max!!! ü§Ø  (13"" Mac Air Vs. 14"" Mac Pro) #shorts",2021-12-10,541472,19446,450,Luke Barousse
M1 Max/Pro vs M1 Macbook for Data Science.... should you?!?,2021-12-07,109451,2810,270,Luke Barousse
How I learn Data Science as a Data Analyst ü§ìüìö,2021-11-24,63445,3696,40,Luke Barousse
Data Scientist vs Data Engineer vs Data Analyst (funny!),2021-11-22,94349,3937,221,Luke Barousse
Building a bot to scrape job data‚Ä¶ How NOT to collect data,2021-11-15,94813,2943,217,Luke Barousse
How to get Data Analytics side jobs - NEW LinkedIn Feature,2021-11-09,145831,8115,34,Luke Barousse
Top Jobs in Data Science,2021-11-03,159289,6131,301,Luke Barousse
The BIGGEST MISTAKE when starting a data project!,2021-09-24,45884,2216,155,Luke Barousse
Learn PYTHON to be a DATA ANALYST?!? (or is R enough...),2021-09-15,254654,10120,658,Luke Barousse
How to show EXPERIENCE... when you have NONE?!?,2021-09-01,42878,2146,129,Luke Barousse
Use THIS to showcase EXPERIENCE in Data Science,2021-08-24,24534,1433,103,Luke Barousse
Get NOTICED in Data Science!!! (3 types of GREAT projects),2021-08-17,96354,5286,175,Luke Barousse
Data Science - Expectation vs Reality (funny!) - ft. @KenJee_ds,2021-08-06,43385,1902,238,Luke Barousse
Staying Motivated in Data Science,2021-07-13,13616,708,102,Luke Barousse
Get a JOB w/ Google Data Analytics Certificate?!? (ft. Certificate Holders),2021-07-01,276328,9797,927,Luke Barousse
Transition into Data Science - My Tips & Story,2021-06-16,53843,2394,268,Luke Barousse
STOP using Spreadsheets for Everything!,2021-05-30,147087,4940,579,Luke Barousse
Standout as a Data Analyst with THIS TOOL,2021-05-08,110437,3975,216,Luke Barousse
I used Python to Count my Bike Jumps!,2021-04-28,13305,482,73,Luke Barousse
THIS got me my job as a Data Analyst - My portfolio tip,2021-04-19,268923,11120,365,Luke Barousse
Python Vs R (funny!),2021-04-11,134925,3634,409,Luke Barousse
Google vs IBM Data Analyst Certificate - BEST Certificate for Data Analysts,2021-04-01,781858,28246,1328,Luke Barousse
Certificates vs Degree for Data Analysts (ft. Google Data Analytics Professional Certificate),2021-03-25,59506,2211,215,Luke Barousse
Become a DATA ANALYST with NO degree?!? The Google Data Analytics Professional Certificate,2021-03-17,4282626,106093,3347,Luke Barousse
Data Scientist vs Data Analyst (funny!),2021-03-11,332451,8189,391,Luke Barousse
Mac Vs PC - BEST for Data Science,2021-03-04,86821,2053,246,Luke Barousse
Power BI vs Tableau - Best BI Tool,2021-02-25,427069,9727,502,Luke Barousse
Day in the life of a data analyst,2021-02-18,104200,2938,384,Luke Barousse
Data Science shortcuts for Mac,2021-02-10,4758,209,21,Luke Barousse
Install your favorite Windows app on M1 Mac - ft. Parallels,2021-02-04,69922,1536,339,Luke Barousse
Windows on the M1 Mac - What are your options?,2021-01-30,313784,5999,664,Luke Barousse
Data Analyst's WFH Setup & Upgrades,2021-01-21,56122,1203,77,Luke Barousse
Python for M1 Mac vs Intel (SPOILER: M1 is 2x faster),2021-01-14,17556,377,69,Luke Barousse
M1 Macbook Air vs Pro (8 vs 16 GB) for Data Science,2021-01-07,130283,2585,373,Luke Barousse
M1 vs Intel Mac for Business Intelligence Tools üíªüìä,2021-01-03,2699,57,0,Luke Barousse
M1 vs Intel Mac for Python üêçüë®üèº‚Äçüíª,2021-01-03,2022,61,5,Luke Barousse
M1 vs Intel Mac for Excel üìàüë®üèº‚Äçüíª,2021-01-02,3917,71,2,Luke Barousse
M1 vs Intel Mac for Data Science,2021-01-02,80716,1961,326,Luke Barousse
Top Non-technical Skills for Business Intelligence üìäüë®üèº‚Äçüíª,2020-12-19,1992,103,5,Luke Barousse
Top 3Ô∏è‚É£ Technical Skills for Business Intelligence üìöüìä,2020-12-19,2374,124,2,Luke Barousse
What is Business Intelligence (BI)? üìäüòÖ,2020-12-19,2796,149,3,Luke Barousse
How NOT to learn Python for Data Science,2020-11-25,131426,4447,208,Luke Barousse
Lambda Functions for Data Science / Data Analysis - Python P.6,2020-11-19,5182,211,22,Luke Barousse
Python Functions for Data Science / Data Analysis - P.5,2020-11-14,5615,181,15,Luke Barousse
Python List Comprehension for Data Science / Data Analysis - P.4,2020-11-11,4019,149,24,Luke Barousse
Python For & While Loops for Data Science / Data Analysis - P.3,2020-11-07,8461,275,44,Luke Barousse
Python If Statements for Data Science / Data Analysis - P.2,2020-11-06,5653,181,35,Luke Barousse
Python Objects frequently used in Data Science / Data Analysis - P.1,2020-11-04,12939,485,49,Luke Barousse
Python for Data Science / Analysis  ft. 'The Office' Dataset - P.0,2020-11-04,21764,687,22,Luke Barousse
Using VS Code with Python for Data Science / Data Analysis - P.5,2020-10-27,79226,1620,85,Luke Barousse
Understanding Virtual Environments for Data Science / Data Analysis - P.4,2020-10-20,47101,1429,96,Luke Barousse
Install VS Code with Python for Data Science / Data Analysis - P.3,2020-10-15,21103,553,34,Luke Barousse
How to run Python for Data Science - Editors vs IDEs - P.2,2020-10-12,24281,610,38,Luke Barousse
Install Python for Data Science on Mac & Windows (PC) with Anaconda - P.1,2020-10-11,28147,690,25,Luke Barousse
Upload your dashboard to Tableau Public  - Tableau Tutorial P.10,2020-10-08,16217,237,26,Luke Barousse
How To Create a Dashboard - Tableau Tutorial P.9,2020-10-05,8934,233,24,Luke Barousse
"Totals, Average Lines, & Trend Lines (Analytics Pane) - Tableau Tutorial P.8",2020-10-01,10400,158,15,Luke Barousse
Parameters (Create & Use in Calculated Fields and/or Visuals) - Tableau Tutorial P.7,2020-09-24,20135,282,12,Luke Barousse
Calculated Fields in Tableau (Formulas & IF Statements) - Tableau Tutorial P.6,2020-09-22,45536,469,15,Luke Barousse
Conditional Format Tables in Tableau (Like Excel!) - Tableau Tutorial P.5,2020-09-11,14783,192,13,Luke Barousse
Create Stacked Bar Chart (and any other visuals EASILY!) w/ Show Me! - Tableau Tutorial P.4,2020-09-11,3062,100,8,Luke Barousse
Dimensions Vs Measures  (Blue Vs Green Data) - Tableau Tutorial P.3,2020-09-09,4225,166,10,Luke Barousse
How To Use Tableau Desktop Controls - Tableau Tutorial P.2,2020-09-01,6138,210,11,Luke Barousse
Connect Google Sheets to Tableau & Joining Data - Tableau Tutorial P.1,2020-08-14,33956,548,31,Luke Barousse
LIVE Q&A | SQL Bootcamp Starts 15th Jun ‚Äì Last Chance to Join! üöÄ,2025-06-01,5386,145,14,techTFQ
Top 3 SQL Interview Questions You Must Know (With Answers),2025-05-20,18603,649,65,techTFQ
Solving an SQL Problem during Data Analyst Interview,2024-12-16,17522,535,64,techTFQ
Solving the most complex SQL Problem on LeetCode | SQL Interview Question and Answer,2024-09-18,21780,711,44,techTFQ
SQL Case Study - Bike Rental Shop | Practice SQL Queries,2024-09-10,20638,664,42,techTFQ
Learn Basic SQL in 3.5 hrs | Complete SQL Beginner Course,2024-08-30,153009,3708,149,techTFQ
Amazon Interview | SQL Interview Problem asked during Amazon Interview,2024-06-23,43088,1330,130,techTFQ
Super Interesting SQL Problem | Practice SQL Queries,2024-06-03,26155,915,62,techTFQ
REAL SQL Interview PROBLEM by Capgemini | Solving SQL Queries,2024-05-22,97746,2981,192,techTFQ
Student Result Generator SQL Interview Query - 30 | #30DaySQLQueryChallenge,2024-03-30,14984,413,77,techTFQ
Solving an INTERMEDIATE SQL Interview Query - 29 | #30DaySQLQueryChallenge,2024-03-29,10403,289,47,techTFQ
SPLIT & JOIN - SQL Interview Problem - 28 | #30DaySQLQueryChallenge,2024-03-28,9332,223,44,techTFQ
Solving a Complex SQL Interview Problem - 27 | #30DaySQLQueryChallenge,2024-03-27,8688,267,61,techTFQ
"Lowest Token No - SQL Interview Query 26 | SQL Problem Level ""EASY""",2024-03-26,6725,233,35,techTFQ
"Data Analyst Interview Problem - SQL Interview Query 25 | SQL Problem Level ""EASY""",2024-03-25,8990,328,23,techTFQ
"REGEX in SQL to find Valid Email Ids - SQL Interview Query 24 | SQL Problem Level ""EASY""",2024-03-24,14084,403,22,techTFQ
"LEETCODE - Passenger Bus Problem - SQL Interview Query 23| SQL Problem Level ""HARD""",2024-03-23,9578,257,25,techTFQ
"IPL Winning Streak - SQL Interview Query 22 | SQL Problem Level ""HARD""",2024-03-22,9128,256,29,techTFQ
"Popular Posts - SQL Interview Query 21 | SQL Problem Level ""MEDIUM""",2024-03-21,7393,224,24,techTFQ
"Median Age - SQL Interview Query 20 | SQL Problem Level ""MEDIUM""",2024-03-20,8148,239,30,techTFQ
"FREE Pizzas - SQL Interview Query 19 | SQL Problem Level ""MEDIUM""",2024-03-19,8722,287,49,techTFQ
"Employee Attendance - SQL Interview Query 18 | SQL Problem Level ""MEDIUM""",2024-03-18,8735,326,24,techTFQ
"Consecutive User Logins - SQL Interview Query 17 | SQL Problem Level ""MEDIUM""",2024-03-17,12120,375,45,techTFQ
"COVID Cases - SQL Interview Query 16 | SQL Problem Level ""MEDIUM""",2024-03-16,8636,285,42,techTFQ
"Mutual Friends - SQL Interview Query 15 | SQL Problem Level ""HARD""",2024-03-15,10211,310,41,techTFQ
"Find Missing Data - SQL Interview Query 14 | SQL Problem Level ""MEDIUM""",2024-03-14,10496,357,59,techTFQ
"Count Employees - SQL Interview Query 13 | SQL Problem Level ""EASY""",2024-03-13,10057,340,52,techTFQ
"Split Hierarchy - SQL Interview Query 12 | SQL Problem Level ""HARD""",2024-03-12,12029,332,50,techTFQ
"Remove Outliers - SQL Interview Query 11 | SQL Problem Level ""MEDIUM""",2024-03-11,11526,381,82,techTFQ
"Auto Repair - SQL Interview Query 10 | SQL Problem Level ""HARD""",2024-03-10,12324,382,65,techTFQ
"Merge Products - SQL Interview Query 9 | SQL Problem Level ""EASY""",2024-03-09,13374,376,37,techTFQ
"Add Missing Values - SQL Interview Query 8 | SQL Problem Level ""MEDIUM""",2024-03-08,14091,428,91,techTFQ
"Find Relevant Dates - SQL Interview Query 7 | SQL Problem Level ""MEDIUM""",2024-03-07,16019,445,68,techTFQ
"Student Performance - SQL Interview Query 6 | SQL Problem Level ""EASY""",2024-03-06,16499,611,55,techTFQ
"Salary Report Generator - SQL Interview Query 5 | SQL Problem Level ""MEDIUM""",2024-03-05,21544,520,82,techTFQ
"Segregate Data - SQL Interview Query 4 | SQL Problem Level ""EASY""",2024-03-04,20041,716,67,techTFQ
"Footer Values - SQL Interview Query 3 | SQL Problem Level ""MEDIUM""",2024-03-03,26621,727,110,techTFQ
"Mountain Huts & Trails - SQL Interview Query 2 | SQL Problem Level ""HARD""",2024-03-02,41049,1256,123,techTFQ
"Remove Redundant Pairs - SQL Interview Query 1 | SQL Problem Level ""HARD""",2024-03-01,132552,4425,209,techTFQ
How to clear Job Interviews? Job Interview Tips,2024-02-11,18729,1072,7,techTFQ
Job Interview Tips | Follow these steps to clear JOB INTERVIEWS | How to clear Job Interviews?,2024-02-08,15731,896,51,techTFQ
Solving SQL Interview Problem with MULTIPLE solutions | Practice SQL Queries,2024-01-17,23823,928,75,techTFQ
SQL Project | SQL Case Study to SOLVE and PRACTICE SQL Queries | 20+ SQL Problems,2024-01-09,178067,4719,223,techTFQ
Top 10 SQL Interview Queries | Popular SQL Queries for SQL Interview,2023-11-22,408075,8745,310,techTFQ
SQL Cricket Match Problem | Solving SQL Interview Problem,2023-10-18,25052,950,96,techTFQ
Solving an SQL Interview Problem | Find Child - Parent - Grandparent Hierarchy using SQL,2023-10-04,33913,1006,74,techTFQ
From 16 years of CAREER GAP To becoming a Software Engineer | How to get a JOB after a career gap,2023-09-21,34641,807,116,techTFQ
3 SQL Queries Asked in Interview for Business Analyst - Solved,2023-09-13,75346,2427,126,techTFQ
Courses You Can Take To Get Into Data Analytics,2023-09-02,23950,516,77,techTFQ
Solving a Real SQL Interview Problem | Job Vacancies SQL Query,2023-08-25,54886,1801,151,techTFQ
SQL Data Analytics Project (PART 3) | Data Analyst Portfolio Project,2023-08-19,15896,486,48,techTFQ
SQL Data Analytics Project (PART 2) | Data Analyst Portfolio Project,2023-08-06,24712,570,62,techTFQ
SQL Data Analytics Project (PART 1) | Data Analyst Portfolio Project,2023-08-04,140267,3568,202,techTFQ
Learn SQL from me | Live SQL Training | SQL Bootcamp,2023-05-25,25493,670,183,techTFQ
Learn Python here | Learn Python Programming here,2023-05-16,17940,314,28,techTFQ
Solving a Complex SQL Interview problem | Practice SQL Queries,2023-03-21,55379,1458,134,techTFQ
REAL SQL Interview Problem | Hierarchical data in SQL,2023-03-14,50931,1458,82,techTFQ
Complete guide to Database Normalization in SQL,2023-03-07,246009,9125,471,techTFQ
How to learn SQL for free | Roadmap to learning SQL,2022-12-28,1150865,27502,675,techTFQ
Solving an SQL Interview Problem,2022-12-18,74523,2714,26,techTFQ
Solving SQL Interview Query | Find Tree Node type using SQL,2022-12-12,30256,1212,64,techTFQ
Solving SQL Interview Query for Data Analyst asked by a Product based company,2022-12-07,510190,11108,342,techTFQ
Solving a tricky SQL Interview Query,2022-11-21,52002,1715,144,techTFQ
SQL Interview Query for Data Analyst,2022-11-14,60745,2007,81,techTFQ
Solving a Complex SQL Interview Problem | Find the Most Modified File Extension,2022-10-31,29948,1061,90,techTFQ
SQL JOINS Interview Question | What does different SQL Joins return?,2022-10-24,537178,15450,744,techTFQ
Google SQL Interview Problem | Solving SQL Interview Query,2022-10-10,43762,1544,160,techTFQ
SQL Interview Problem asked by Product Based Company | Solving SQL Interview Query,2022-10-05,66680,2419,153,techTFQ
How to become a Data Analyst FASTER ?,2022-09-30,99413,4106,195,techTFQ
Tricky SQL Interview Query | Practice Solving SQL Interview Queries,2022-09-22,34117,974,112,techTFQ
"Solving SQL Interview Query using a ""VERY IMPORTANT SQL concept""",2022-09-19,123146,2976,224,techTFQ
Solving SQL Interview Query | SQL Problem by Service based company,2022-09-16,40998,1347,82,techTFQ
Practice SQL Interview Query | Big 4 Interview Question,2022-09-12,134011,4462,215,techTFQ
Solving SQL Interview Query | Ungroup given input data | FAANG Interview Query,2022-09-08,43698,1193,92,techTFQ
How to remove Duplicate Data in SQL | SQL Query to remove duplicate,2022-09-02,411534,9070,348,techTFQ
Solving Complex SQL Query from HackerRank | SQL Interview Query,2022-08-10,84368,1949,181,techTFQ
Data Analyst vs Business Analyst | What should you choose?,2022-07-26,30531,1295,109,techTFQ
Materialized View in SQL | Faster SQL Queries using Materialized Views,2022-07-07,142605,3267,229,techTFQ
Learn SQL the right way | SQL Live Training | Learn SQL from me,2022-06-28,40538,619,195,techTFQ
SQL Interview Assignment Queries | REAL SQL Assignment given in Interview Part 2 (Query Solution),2022-06-21,34727,717,55,techTFQ
SQL Interview Assignment Queries | REAL SQL Assignment given in Interview Part 1 (Problem Statement),2022-06-17,26478,673,82,techTFQ
REAL SQL Interview Question | Complex SQL Interview Query and Solution,2022-06-03,64922,1505,127,techTFQ
Top 10 Tips for JOB Interview | Tips for Job Interview,2022-05-25,16396,621,44,techTFQ
Solving SQL Query | Rows to Column in SQL,2022-05-18,190429,4353,202,techTFQ
Procedure Tutorial in SQL | SQL Stored Procedure | Procedure in SQL,2022-05-01,345223,5925,238,techTFQ
Best Online SQL Course to practically learn and practice SQL,2022-03-30,33090,574,119,techTFQ
Recursive SQL Queries Tutorial | Learn to write SQL Queries using Recursion,2022-03-23,257569,6149,347,techTFQ
Solving SQL Interview Queries | Tricky SQL Interview Queries,2022-03-16,331402,7582,490,techTFQ
How to learn SQL | Step by Step Guide on how to learn SQL,2022-03-02,148005,4965,345,techTFQ
ANSI vs Non ANSI Joins in SQL | SQL Query Writing using ANSI and Non ANSI method,2022-02-23,43532,875,88,techTFQ
SQL Views Tutorial | VIEWS in SQL Complete Tutorial,2022-02-15,333558,6824,425,techTFQ
Practice Writing SQL Queries on StrataScratch | How to Solve SQL Queries,2022-02-08,148591,3605,191,techTFQ
Subquery in SQL | Correlated Subquery + Complete SQL Subqueries Tutorial,2022-02-01,1258927,27430,1408,techTFQ
SQL JOINS Tutorial for beginners | Practice SQL Queries using JOINS - Part 2,2022-01-14,436398,13357,691,techTFQ
SQL JOINS Tutorial for beginners | Practice SQL Queries using JOINS - Part 1,2022-01-06,1254339,26665,1372,techTFQ
How to get your 1st DATA ANALYST Job | Data Analyst Job | How to become a Data Analyst,2021-12-29,342458,12671,1043,techTFQ
BEST Online Courses to Learn SQL and Practice SQL Queries | BEST SQL Courses,2021-12-22,54675,1221,138,techTFQ
REAL SQL Interview Question by a FAANG company | SQL Interview Query and Solution,2021-12-08,265707,5442,315,techTFQ
Top 25 SQL Interview Questions and Answers(The BEST SQL Interview Questions),2021-12-01,930090,27796,667,techTFQ
Practice SQL Interview Questions on LeetCode | Solve SQL Interview Questions (Practice SQL Queries),2021-11-18,95944,2510,130,techTFQ
"Thank you for 10,000 Subscribers | Answering some of your questions",2021-11-06,2538,109,85,techTFQ
Practice Writing SQL Queries using Real Dataset(Practice Complex SQL Queries),2021-10-28,263859,7545,381,techTFQ
Python Project to Scrape YouTube using YouTube Data API | Analyze and Visualize YouTube data,2021-10-13,158868,4394,314,techTFQ
Practice Complex SQL Queries | SQL Query to fetch N consecutive records,2021-09-28,82932,2714,196,techTFQ
ANACONDA Tutorial for Python | How to Install Anaconda on Mac OS and How to use Anaconda for Python,2021-09-21,130985,2152,103,techTFQ
Connect to PostgreSQL from Python (Using SQL in Python) | Python to PostgreSQL,2021-09-13,182835,4076,191,techTFQ
SQL WITH Clause | How to write SQL Queries using WITH Clause | SQL CTE (Common Table Expression),2021-09-05,681265,15644,713,techTFQ
STEP by STEP guide to Learn Python | How to learn PYTHON,2021-08-29,14644,635,46,techTFQ
Learn how to write SQL Queries(Practice Complex SQL Queries),2021-08-22,1736227,37704,1188,techTFQ
"SQL Window Function | How to write SQL Query using Frame Clause, CUME_DIST | SQL Queries Tutorial",2021-08-13,448055,14253,794,techTFQ
Learn how to use GitHub for Beginners | GitHub Tutorial,2021-08-06,91326,2266,75,techTFQ
Git Tutorial for Complete Beginners | Learn Git in 35 minutes,2021-07-16,59600,1963,154,techTFQ
Web Scraping in Python using Beautiful Soup | Writing a Python program to Scrape IMDB website,2021-07-05,178177,5595,416,techTFQ
Thank you for 1000 subscribers | Channel update | Who am i? & What i do?,2021-06-23,6260,156,64,techTFQ
Practice SQL and Python | How to Practice Programming | Using LeetCode,2021-06-08,65069,1625,59,techTFQ
Logging Tutorial in Python | DON‚ÄôT use Print for logging | How to Log messages in Python,2021-06-04,47971,1109,68,techTFQ
"SQL Window Function | How to write SQL Query using RANK, DENSE RANK, LEAD/LAG | SQL Queries Tutorial",2021-05-21,1298221,37582,1566,techTFQ
How to Read and Write Files in Python | File Handling Tutorial in Python,2021-05-05,17556,551,42,techTFQ
Regular Expressions in Python | Regular Expressions Python Tutorial,2021-04-22,19271,537,76,techTFQ
What is Data Science (for beginners) | Data Science for Beginners | Data Science Life Cycle,2021-04-08,7209,217,10,techTFQ
Best Resume Format | Tips for writing an AWESOME Resume | ATS Resume Format,2021-03-25,140700,4059,203,techTFQ
Dictionary in Python (for beginners) | Python Dictionaries | Python Tutorial #10,2021-03-18,4623,117,7,techTFQ
Lists in Python EXPLAINED | Python Lists | Python Tutorial for Beginners #9,2021-03-11,6003,140,10,techTFQ
Exception Handling in Python | TRY EXCEPT in Python | Python Tutorial for Beginners #8,2021-03-04,38220,904,31,techTFQ
Local and Global Scope in Python | Local and Global Variables | Python Tutorial for Beginners #7,2021-03-01,8103,212,10,techTFQ
What is a FUNCTION in Python | Python Functions | Python Tutorial for Beginners #6,2021-02-22,5190,140,7,techTFQ
Import modules in Python | Import module from different directory | Python Tutorial for beginners #5,2021-02-14,64608,908,83,techTFQ
WHILE loop and FOR loop in Python | LOOP statements in Python | Python Tutorial for Beginners #4,2021-02-07,7774,213,28,techTFQ
IF ELSE ELIF statement in Python | IF ELSE Statement in Python | Python Tutorial for Beginners #3,2021-01-31,6037,151,13,techTFQ
What is a VARIABLE in Python | Python Variables | Python Tutorial for Beginners #2,2021-01-25,5959,157,17,techTFQ
"What is DATA TYPE, OPERATORS and EXPRESSION in Python | Python Tutorial for Beginners #1",2021-01-18,10134,233,21,techTFQ
How to Install Python on Mac OS and How to Run Python code,2021-01-11,685415,8382,392,techTFQ
Excel Alternative: How to use SQL to perform EXCEL tasks (SQL for Data Analysis),2021-01-03,37734,806,56,techTFQ
iPhone 12 Pro Unboxing | 5 Reasons to BUY iPhone 12 Pro,2020-12-15,1351,41,24,techTFQ
SQL Basics Tutorial for Beginners (Practice SQL Queries),2020-12-11,1396283,27769,780,techTFQ
How to install PostgreSQL on Mac OS | Install and Uninstall PostgreSQL Database,2020-11-16,177902,1347,136,techTFQ
Learn What is Database | Types of Database | DBMS,2020-08-30,608557,9112,218,techTFQ
Do you need a Smartwatch,2020-07-12,11977,185,43,techTFQ
MacBook Pro 13 2020  One Week Later Review,2020-06-29,1619,74,20,techTFQ
MacBook Pro 13 2020 Unboxing,2020-06-22,3467,104,29,techTFQ
